<LPDB><APPLICATION guid="0DE4F643-C398-46ec-9339-2362F2311932" launchOnStart="N" lastUsed="3/30/2008 11:39:35 AM">\Skype(3.5.14.240)(u3)(6291)release_candidate.u3p</APPLICATION><APPLICATION guid="EC30627F-0195-44d4-8C24-1B09F3C02C50" launchOnStart="N" lastUsed="3/30/2008 11:40:04 AM">\CruzerSync 6.2.042.1 .u3p</APPLICATION><APPLICATION guid="9CAC5930-4010-4AD6-ABF7-CE2778969B13" launchOnStart="N" lastUsed="3/30/2008 11:40:31 AM">\McVsUStb_3.0.144.7.u3p</APPLICATION><APPLICATION guid="285E6953-BF3C-4445-9376-3FE5D7F645B2" launchOnStart="N" lastUsed="3/30/2008 11:40:50 AM">\signupshield-pm-sandisk04.10.00.00.u3p</APPLICATION><APPLICATION guid="1FD3D3AE-B05C-48d0-8D19-36BE78FB3BC5" launchOnStart="N" lastUsed="3/30/2008 11:41:25 AM">\mte.u3p</APPLICATION><APPLICATION guid="ED241DFF-CBD5-41ad-975B-4B162A35BFF7" launchOnStart="N" lastUsed="3/30/2008 11:41:42 AM">\sudoku.u3p</APPLICATION></LPDB>
