<LPGDB>
	<DONOTSHOW></DONOTSHOW><RUNNINGTIME></RUNNINGTIME><PROGRAMS><APPLICATION guid="0DE4F643-C398-46ec-9339-2362F2311932" order="1"/><APPLICATION guid="EC30627F-0195-44d4-8C24-1B09F3C02C50" order="2"/><APPLICATION guid="9CAC5930-4010-4AD6-ABF7-CE2778969B13" order="3"/><APPLICATION guid="285E6953-BF3C-4445-9376-3FE5D7F645B2" order="4"/><APPLICATION guid="1FD3D3AE-B05C-48d0-8D19-36BE78FB3BC5" order="5"/><APPLICATION guid="ED241DFF-CBD5-41ad-975B-4B162A35BFF7" order="6"/></PROGRAMS><DONOTSOUND></DONOTSOUND>
	<DEVICELABEL>Removable Disk</DEVICELABEL><DEVICElABELFLAG>0</DEVICElABELFLAG><UpdatesAutoCheck>1</UpdatesAutoCheck><LastAutoCheckTime>1206866444</LastAutoCheckTime></LPGDB>
