<xml xmlns:o="urn:schemas-microsoft-com:office:office">
 <o:MainFile HRef="../index.htm"/>
 <o:File HRef="image325.gif"/>
 <o:File HRef="image340.gif"/>
 <o:File HRef="image341.gif"/>
 <o:File HRef="image361.jpg"/>
 <o:File HRef="image366.gif"/>
 <o:File HRef="image368.gif"/>
 <o:File HRef="image846.gif"/>
 <o:File HRef="image358.jpg"/>
 <o:File HRef="image338.gif"/>
 <o:File HRef="image323.jpg"/>
 <o:File HRef="image3231.jpg"/>
 <o:File HRef="Page385.htm"/>
 <o:File HRef="image390.gif"/>
 <o:File HRef="image409.gif"/>
 <o:File HRef="image427.jpg"/>
 <o:File HRef="image1095.gif"/>
 <o:File HRef="image433.gif"/>
 <o:File HRef="Page435.htm"/>
 <o:File HRef="image440.gif"/>
 <o:File HRef="image459.gif"/>
 <o:File HRef="image481.wmz"/>
 <o:File HRef="image4811.gif"/>
 <o:File HRef="Page488.htm"/>
 <o:File HRef="image493.gif"/>
 <o:File HRef="image512.gif"/>
 <o:File HRef="image554.gif"/>
 <o:File HRef="image555.gif"/>
 <o:File HRef="image556.gif"/>
 <o:File HRef="image559.gif"/>
 <o:File HRef="Page577.htm"/>
 <o:File HRef="image582.gif"/>
 <o:File HRef="image601.gif"/>
 <o:File HRef="image623.gif"/>
 <o:File HRef="image639.gif"/>
 <o:File HRef="Page1115.htm"/>
 <o:File HRef="image1099.gif"/>
 <o:File HRef="image1100.gif"/>
 <o:File HRef="image1129.gif"/>
 <o:File HRef="filelist.xml"/>
</xml>